doc,page_num,file_name
จังหวัดสตูล/เขตเลือกตั้งที่ 02/อำเภอละงู/ตำบลน้ำผุด/หน่วยที่ 11/ต.น้ำผุด-011-บัญชีรายชื่อ.pdf,0,7532195259067867919.jpg
จังหวัดสตูล/เขตเลือกตั้งที่ 02/อำเภอละงู/ตำบลน้ำผุด/หน่วยที่ 11/ต.น้ำผุด-011-บัญชีรายชื่อ.pdf,1,-9169865812791732573.jpg
จังหวัดสตูล/เขตเลือกตั้งที่ 02/อำเภอละงู/ตำบลน้ำผุด/หน่วยที่ 11/ต.น้ำผุด-011-บัญชีรายชื่อ.pdf,2,8537538607516651928.jpg
จังหวัดสตูล/เขตเลือกตั้งที่ 02/อำเภอละงู/ตำบลน้ำผุด/หน่วยที่ 11/ต.น้ำผุด-011-บัญชีรายชื่อ.pdf,3,2975206548282531639.jpg
จังหวัดสตูล/เขตเลือกตั้งที่ 02/อำเภอละงู/ตำบลน้ำผุด/หน่วยที่ 11/ต.น้ำผุด-011-แแบ่งเขต.pdf,0,-6860458654218928253.jpg
จังหวัดสตูล/เขตเลือกตั้งที่ 02/อำเภอละงู/ตำบลน้ำผุด/หน่วยที่ 11/ต.น้ำผุด-011-แแบ่งเขต.pdf,1,8927135984540612475.jpg
จังหวัดสตูล/เขตเลือกตั้งที่ 02/อำเภอละงู/ตำบลน้ำผุด/หน่วยที่ 10/ต.น้ำผุด-010-แบ่งเขต.pdf,0,1532156276236104644.jpg
จังหวัดสตูล/เขตเลือกตั้งที่ 02/อำเภอละงู/ตำบลน้ำผุด/หน่วยที่ 10/ต.น้ำผุด-010-แบ่งเขต.pdf,1,5131694290687789358.jpg
จังหวัดสตูล/เขตเลือกตั้งที่ 02/อำเภอละงู/ตำบลน้ำผุด/หน่วยที่ 10/ต.น้ำผุด-010-บัญชีรายชื่อ.pdf,0,-5302449741675621789.jpg
จังหวัดสตูล/เขตเลือกตั้งที่ 02/อำเภอละงู/ตำบลน้ำผุด/หน่วยที่ 10/ต.น้ำผุด-010-บัญชีรายชื่อ.pdf,1,4399244506888675492.jpg
จังหวัดสตูล/เขตเลือกตั้งที่ 02/อำเภอละงู/ตำบลน้ำผุด/หน่วยที่ 10/ต.น้ำผุด-010-บัญชีรายชื่อ.pdf,2,-4236988765305142871.jpg
จังหวัดสตูล/เขตเลือกตั้งที่ 02/อำเภอละงู/ตำบลน้ำผุด/หน่วยที่ 10/ต.น้ำผุด-010-บัญชีรายชื่อ.pdf,3,-736577035290551192.jpg
จังหวัดสตูล/เขตเลือกตั้งที่ 02/อำเภอละงู/ตำบลน้ำผุด/หน่วยที่ 3/ต.น้ำผุด-003-แบ่งเขต.pdf,0,-6477354930584407195.jpg
จังหวัดสตูล/เขตเลือกตั้งที่ 02/อำเภอละงู/ตำบลน้ำผุด/หน่วยที่ 3/ต.น้ำผุด-003-แบ่งเขต.pdf,1,-2110190370179088194.jpg
จังหวัดสตูล/เขตเลือกตั้งที่ 02/อำเภอละงู/ตำบลน้ำผุด/หน่วยที่ 3/ต.น้ำผุด-003-บัญชีรายชื่อ.pdf,0,4723544385757154249.jpg
จังหวัดสตูล/เขตเลือกตั้งที่ 02/อำเภอละงู/ตำบลน้ำผุด/หน่วยที่ 3/ต.น้ำผุด-003-บัญชีรายชื่อ.pdf,1,-2272420776990534492.jpg
จังหวัดสตูล/เขตเลือกตั้งที่ 02/อำเภอละงู/ตำบลน้ำผุด/หน่วยที่ 3/ต.น้ำผุด-003-บัญชีรายชื่อ.pdf,2,-3310029974786949576.jpg
จังหวัดสตูล/เขตเลือกตั้งที่ 02/อำเภอละงู/ตำบลน้ำผุด/หน่วยที่ 3/ต.น้ำผุด-003-บัญชีรายชื่อ.pdf,3,-6310245376567910623.jpg
จังหวัดสตูล/เขตเลือกตั้งที่ 02/อำเภอละงู/ตำบลน้ำผุด/หน่วยที่ 4/ต.น้ำผุด-004-บัญชีรายชื่อ.pdf,0,-4137767631258233745.jpg
จังหวัดสตูล/เขตเลือกตั้งที่ 02/อำเภอละงู/ตำบลน้ำผุด/หน่วยที่ 4/ต.น้ำผุด-004-บัญชีรายชื่อ.pdf,1,-1665458676935961191.jpg
จังหวัดสตูล/เขตเลือกตั้งที่ 02/อำเภอละงู/ตำบลน้ำผุด/หน่วยที่ 4/ต.น้ำผุด-004-บัญชีรายชื่อ.pdf,2,2872019331776046816.jpg
จังหวัดสตูล/เขตเลือกตั้งที่ 02/อำเภอละงู/ตำบลน้ำผุด/หน่วยที่ 4/ต.น้ำผุด-004-บัญชีรายชื่อ.pdf,3,-6793855676215075677.jpg
จังหวัดสตูล/เขตเลือกตั้งที่ 02/อำเภอละงู/ตำบลน้ำผุด/หน่วยที่ 4/ต.น้ำผุด-004-แบ่งเขต.pdf,0,7368638096897299564.jpg
จังหวัดสตูล/เขตเลือกตั้งที่ 02/อำเภอละงู/ตำบลน้ำผุด/หน่วยที่ 4/ต.น้ำผุด-004-แบ่งเขต.pdf,1,6681969601516950925.jpg
จังหวัดสตูล/เขตเลือกตั้งที่ 02/อำเภอละงู/ตำบลน้ำผุด/หน่วยที่ 5/ต.น้ำผุด-005-บัญชีรายชื่อ.pdf,0,-8458306234949508525.jpg
จังหวัดสตูล/เขตเลือกตั้งที่ 02/อำเภอละงู/ตำบลน้ำผุด/หน่วยที่ 5/ต.น้ำผุด-005-บัญชีรายชื่อ.pdf,1,-1172201203103544145.jpg
จังหวัดสตูล/เขตเลือกตั้งที่ 02/อำเภอละงู/ตำบลน้ำผุด/หน่วยที่ 5/ต.น้ำผุด-005-บัญชีรายชื่อ.pdf,2,-3512504587202316707.jpg
จังหวัดสตูล/เขตเลือกตั้งที่ 02/อำเภอละงู/ตำบลน้ำผุด/หน่วยที่ 5/ต.น้ำผุด-005-บัญชีรายชื่อ.pdf,3,-9139032332178195495.jpg
จังหวัดสตูล/เขตเลือกตั้งที่ 02/อำเภอละงู/ตำบลน้ำผุด/หน่วยที่ 5/ต.น้ำผุด-005-แบ่งเขต.pdf,0,-421419138334427730.jpg
จังหวัดสตูล/เขตเลือกตั้งที่ 02/อำเภอละงู/ตำบลน้ำผุด/หน่วยที่ 5/ต.น้ำผุด-005-แบ่งเขต.pdf,1,4795615992064336507.jpg
จังหวัดสตูล/เขตเลือกตั้งที่ 02/อำเภอละงู/ตำบลน้ำผุด/หน่วยที่ 2/ต.น้ำผุด-002-แบ่งเขต.pdf,0,1615252685524375170.jpg
จังหวัดสตูล/เขตเลือกตั้งที่ 02/อำเภอละงู/ตำบลน้ำผุด/หน่วยที่ 2/ต.น้ำผุด-002-แบ่งเขต.pdf,1,9046112508649781011.jpg
จังหวัดสตูล/เขตเลือกตั้งที่ 02/อำเภอละงู/ตำบลน้ำผุด/หน่วยที่ 2/ต.น้ำผุด-002-บัญชีรายชื่อ.pdf,0,-4517556817870859434.jpg
จังหวัดสตูล/เขตเลือกตั้งที่ 02/อำเภอละงู/ตำบลน้ำผุด/หน่วยที่ 2/ต.น้ำผุด-002-บัญชีรายชื่อ.pdf,1,-8749155863288300551.jpg
จังหวัดสตูล/เขตเลือกตั้งที่ 02/อำเภอละงู/ตำบลน้ำผุด/หน่วยที่ 2/ต.น้ำผุด-002-บัญชีรายชื่อ.pdf,2,3030709316471368716.jpg
จังหวัดสตูล/เขตเลือกตั้งที่ 02/อำเภอละงู/ตำบลน้ำผุด/หน่วยที่ 2/ต.น้ำผุด-002-บัญชีรายชื่อ.pdf,3,5089285653188975141.jpg
จังหวัดสตูล/เขตเลือกตั้งที่ 02/อำเภอละงู/ตำบลน้ำผุด/หน่วยที่ 9/ต.น้ำผุด-009-แบ่งเขต.pdf,0,-6538760347705445785.jpg
จังหวัดสตูล/เขตเลือกตั้งที่ 02/อำเภอละงู/ตำบลน้ำผุด/หน่วยที่ 9/ต.น้ำผุด-009-แบ่งเขต.pdf,1,-7191909900783995348.jpg
จังหวัดสตูล/เขตเลือกตั้งที่ 02/อำเภอละงู/ตำบลน้ำผุด/หน่วยที่ 9/ต.น้ำผุด-009-บัญชีรายชื่อ.pdf,0,-2600514949182326297.jpg
จังหวัดสตูล/เขตเลือกตั้งที่ 02/อำเภอละงู/ตำบลน้ำผุด/หน่วยที่ 9/ต.น้ำผุด-009-บัญชีรายชื่อ.pdf,1,-2921910917218561871.jpg
จังหวัดสตูล/เขตเลือกตั้งที่ 02/อำเภอละงู/ตำบลน้ำผุด/หน่วยที่ 9/ต.น้ำผุด-009-บัญชีรายชื่อ.pdf,2,-277328001428982707.jpg
จังหวัดสตูล/เขตเลือกตั้งที่ 02/อำเภอละงู/ตำบลน้ำผุด/หน่วยที่ 9/ต.น้ำผุด-009-บัญชีรายชื่อ.pdf,3,2807330214294639224.jpg
จังหวัดสตูล/เขตเลือกตั้งที่ 02/อำเภอละงู/ตำบลน้ำผุด/หน่วยที่ 7/ต.น้ำผุด-007-แบ่งเขต.pdf,0,-1001980014618383029.jpg
จังหวัดสตูล/เขตเลือกตั้งที่ 02/อำเภอละงู/ตำบลน้ำผุด/หน่วยที่ 7/ต.น้ำผุด-007-แบ่งเขต.pdf,1,4734097365879654840.jpg
จังหวัดสตูล/เขตเลือกตั้งที่ 02/อำเภอละงู/ตำบลน้ำผุด/หน่วยที่ 7/ต.น้ำผุด-007-บัญชีรายชื่อ.pdf,0,-5731881747051645733.jpg
จังหวัดสตูล/เขตเลือกตั้งที่ 02/อำเภอละงู/ตำบลน้ำผุด/หน่วยที่ 7/ต.น้ำผุด-007-บัญชีรายชื่อ.pdf,1,-3179872175841367738.jpg
จังหวัดสตูล/เขตเลือกตั้งที่ 02/อำเภอละงู/ตำบลน้ำผุด/หน่วยที่ 7/ต.น้ำผุด-007-บัญชีรายชื่อ.pdf,2,-4160250944382348456.jpg
จังหวัดสตูล/เขตเลือกตั้งที่ 02/อำเภอละงู/ตำบลน้ำผุด/หน่วยที่ 7/ต.น้ำผุด-007-บัญชีรายชื่อ.pdf,3,6668080945163262230.jpg
จังหวัดสตูล/เขตเลือกตั้งที่ 02/อำเภอละงู/ตำบลน้ำผุด/หน่วยที่ 1/ต.น้ำผุด-001-แบ่งเขต.pdf,0,3309354023097130888.jpg
จังหวัดสตูล/เขตเลือกตั้งที่ 02/อำเภอละงู/ตำบลน้ำผุด/หน่วยที่ 1/ต.น้ำผุด-001-แบ่งเขต.pdf,1,3808729325086211934.jpg
จังหวัดสตูล/เขตเลือกตั้งที่ 02/อำเภอละงู/ตำบลน้ำผุด/หน่วยที่ 1/ต.น้่ำผุด-001-บัญชีรายชื่อ.pdf,0,-4466121988611166804.jpg
จังหวัดสตูล/เขตเลือกตั้งที่ 02/อำเภอละงู/ตำบลน้ำผุด/หน่วยที่ 1/ต.น้่ำผุด-001-บัญชีรายชื่อ.pdf,1,5675793703140677768.jpg
จังหวัดสตูล/เขตเลือกตั้งที่ 02/อำเภอละงู/ตำบลน้ำผุด/หน่วยที่ 1/ต.น้่ำผุด-001-บัญชีรายชื่อ.pdf,2,2251501703054112216.jpg
จังหวัดสตูล/เขตเลือกตั้งที่ 02/อำเภอละงู/ตำบลน้ำผุด/หน่วยที่ 1/ต.น้่ำผุด-001-บัญชีรายชื่อ.pdf,3,4972370347104517452.jpg
จังหวัดสตูล/เขตเลือกตั้งที่ 02/อำเภอละงู/ตำบลน้ำผุด/หน่วยที่ 6/ต.น้ำผุด-006-แบ่งเขต.pdf,0,3815246695042227287.jpg
จังหวัดสตูล/เขตเลือกตั้งที่ 02/อำเภอละงู/ตำบลน้ำผุด/หน่วยที่ 6/ต.น้ำผุด-006-แบ่งเขต.pdf,1,-2175003588682226142.jpg
จังหวัดสตูล/เขตเลือกตั้งที่ 02/อำเภอละงู/ตำบลน้ำผุด/หน่วยที่ 6/ต.น้ำผุด-006-บัญชีรายชื่อ.pdf,0,-8768358850780754027.jpg
จังหวัดสตูล/เขตเลือกตั้งที่ 02/อำเภอละงู/ตำบลน้ำผุด/หน่วยที่ 6/ต.น้ำผุด-006-บัญชีรายชื่อ.pdf,1,6572482788915595015.jpg
จังหวัดสตูล/เขตเลือกตั้งที่ 02/อำเภอละงู/ตำบลน้ำผุด/หน่วยที่ 6/ต.น้ำผุด-006-บัญชีรายชื่อ.pdf,2,-2098933063803451809.jpg
จังหวัดสตูล/เขตเลือกตั้งที่ 02/อำเภอละงู/ตำบลน้ำผุด/หน่วยที่ 6/ต.น้ำผุด-006-บัญชีรายชื่อ.pdf,3,3916438695563388191.jpg
จังหวัดสตูล/เขตเลือกตั้งที่ 02/อำเภอละงู/ตำบลน้ำผุด/หน่วยที่ 8/ต.น้ำผุด-008-บัญชีรายชื่อ.pdf,0,6709135682912259003.jpg
จังหวัดสตูล/เขตเลือกตั้งที่ 02/อำเภอละงู/ตำบลน้ำผุด/หน่วยที่ 8/ต.น้ำผุด-008-บัญชีรายชื่อ.pdf,1,3628531427858666210.jpg
จังหวัดสตูล/เขตเลือกตั้งที่ 02/อำเภอละงู/ตำบลน้ำผุด/หน่วยที่ 8/ต.น้ำผุด-008-บัญชีรายชื่อ.pdf,2,-5470624875763784568.jpg
จังหวัดสตูล/เขตเลือกตั้งที่ 02/อำเภอละงู/ตำบลน้ำผุด/หน่วยที่ 8/ต.น้ำผุด-008-บัญชีรายชื่อ.pdf,3,8156118635130183089.jpg
จังหวัดสตูล/เขตเลือกตั้งที่ 02/อำเภอละงู/ตำบลน้ำผุด/หน่วยที่ 8/ต.น้ำผุด-008-แบ่งเขต.pdf,0,4241732678251228824.jpg
จังหวัดสตูล/เขตเลือกตั้งที่ 02/อำเภอละงู/ตำบลน้ำผุด/หน่วยที่ 8/ต.น้ำผุด-008-แบ่งเขต.pdf,1,6306189790283125683.jpg
